id;first_name;middle_name;last_name;email;phone
1;Diamond;rough notwithstanding;Nitzsche;Broderick33@yahoo.com;444.219.8985 x7970
2;Jermey;tread hourly reward;Baumbach;Aubree.Flatley@gmail.com;(765) 319-3727 x7396
3;Alejandrin;chasten whereas tam-o'-shanter;Ullrich;Dock_Corkery@hotmail.com;(973) 336-8285 x687
4;Andreane;er zigzag harmony;Watsica;Mae.Anderson@hotmail.com;692-583-8259 x2677
5;Chelsie;never inasmuch;Smith;Cletus94@yahoo.com;(639) 626-6054 x3327
6;Lyric;yowza;Altenwerth;Keagan_Koss@gmail.com;1-764-528-6644
7;Britney;complement nor outset;Gorczany;Graham.Torp@yahoo.com;1-515-891-8660 x04248
8;Ova;ew who clear;Morar;Geo59@hotmail.com;1-206-576-2118 x3601
9;Thad;yearly need lest;Deckow;Ricky_McCullough-Kub15@hotmail.com;784-726-5434 x985
10;Ashleigh;qualified amongst;Kerluke;Aileen16@yahoo.com;1-394-821-0703 x000
